POSTED_BY,UNDER_CONSTRUCTION,RERA,BHK_NO.,BHK_OR_RK,SQUARE_FT,READY_TO_MOVE,RESALE,LONGITUDE,LATITUDE,PRICE
Owner,0,0,2,BHK,1300.236407,1,1,12.96991,77.59796,55
Dealer,0,0,2,BHK,1275,1,1,12.274538,76.644605,51
Owner,0,0,2,BHK,933.1597222,1,1,12.778033,77.632191,43
Owner,0,1,2,BHK,929.9211427,1,1,28.6423,77.3445,62.5
Dealer,1,0,2,BHK,999.009247,0,1,22.5922,88.484911,60.5
Owner,0,0,3,BHK,1250,1,1,10.03328,76.282571,42
Dealer,0,0,3,BHK,1495.053957,1,1,26.916347,75.7956,66.5
Owner,0,1,3,BHK,1181.012946,1,1,30.74,76.65,52
Dealer,0,1,2,BHK,1040,1,1,13.054202,77.674002,41.6
Owner,0,1,2,BHK,879.1208791,1,1,12.95161,80.14097,36
Owner,0,0,3,BHK,1350.308642,1,1,26.724219,88.326357,35
Dealer,0,0,2,BHK,1333.010179,1,1,13.04034,77.591347,110
Owner,0,0,2,BHK,927.1779023,1,1,12.96991,77.59796,48
Owner,0,1,2,BHK,1122.171946,1,1,28.587711,77.403123,62
Owner,0,0,1,BHK,649.9837504,1,1,13.0352,77.5772,20
Dealer,1,1,3,BHK,1394.117647,0,1,28.429614,77.481711,71.1
Owner,0,0,3,BHK,1800.08471,1,1,20.275267,85.862407,85
Dealer,1,1,3,BHK,2124.896706,0,1,12.8855,77.5638,180
Owner,0,0,2,BHK,1100,1,1,21.15389,79.08306,22
Dealer,0,1,3,BHK,2178.649237,1,1,13.092356,77.613468,120
Owner,0,0,2,BHK,881.1435285,1,1,13.05,80.11,45
Dealer,0,0,2,BHK,944.8818898,1,1,18.452663,73.93104,42
Dealer,0,1,3,BHK,1310.147689,1,1,28.5041,77.381557,55
Dealer,0,0,1,BHK,630.00063,1,1,19.05444,72.84056,300
Dealer,0,0,2,BHK,1219.80971,1,1,21.105779,79.078497,50
Owner,0,0,2,BHK,780.141844,1,1,22.54111,88.33778,27.5
Owner,0,0,3,BHK,1600,1,1,28.63601,77.433724,46
Dealer,0,0,2,BHK,1180.412371,1,1,30.712867,76.648557,22.9
Owner,1,0,2,BHK,1000,0,1,24.48,86.7,39
Dealer,0,0,2,BHK,1000,1,1,28.2102,76.8606,12.5
Dealer,0,0,3,BHK,1400.107701,1,1,28.40473,77.367514,52
Dealer,0,1,2,BHK,943.1266076,1,1,28.5041,77.381557,33
Owner,0,0,2,BHK,1150.146382,1,1,26.586306,74.873234,55
Dealer,1,1,1,BHK,864.0674394,0,1,19.18,72.96333,82
Dealer,0,1,2,BHK,857.7861968,1,0,19.1759,72.9522,240
Owner,0,0,3,BHK,1174.210077,1,1,12.852171,80.216826,55
Dealer,1,1,2,BHK,1020.087884,0,1,18.5993,73.7625,65
Owner,0,0,4,BHK,1650.165017,1,1,22.312063,72.674296,65
Dealer,1,0,2,BHK,1000,0,1,17.815234,83.35818,35
Owner,0,0,3,BHK,1300.052002,1,1,12.894088,77.548914,75
Dealer,1,1,1,BHK,40606.19568,0,0,24.69028,78.41889,9110
Dealer,0,1,2,BHK,1058.114928,1,1,18.539812,73.737678,65
Dealer,1,0,1,BHK,400,0,1,18.5438,73.9438,30
Dealer,0,1,3,BHK,1274.924779,1,1,22.803593,83.755013,250
Dealer,0,0,2,BHK,1026.694045,1,1,19.014858,72.8662,220
Owner,0,0,2,BHK,1150.121065,1,1,20.36667,72.9,38
Owner,0,0,3,BHK,1200,1,1,28.460928,77.039391,60
Dealer,0,0,1,RK,475.0103263,1,1,24.69028,78.41889,46
Builder,1,1,1,BHK,301.9171163,0,0,24.69028,78.41889,26.3
Dealer,1,1,2,BHK,1228.571429,0,1,12.843852,74.845271,51.6
Owner,0,0,2,BHK,986.0164934,1,1,13.077175,80.151453,55
Dealer,1,1,3,BHK,1972.565158,0,1,28.431862,77.351104,71.9
Dealer,1,1,1,BHK,420.6166888,0,1,19.048403,72.88731,130
Owner,0,0,3,BHK,1275.009808,1,1,25.232239,71.392013,32.5
Dealer,1,1,1,BHK,406.024219,0,0,19.245347,73.124577,39.9
Dealer,0,0,3,BHK,1862.562189,1,1,28.431862,77.351104,59.9
Owner,0,0,2,BHK,950.0146156,1,1,19.88879,75.34344,65
Owner,0,1,4,BHK,5200.945626,1,1,28.567633,77.383124,110
Dealer,0,0,2,BHK,1049.969344,1,1,12.985039,77.54383,68.5
Dealer,0,0,3,BHK,1615.008157,1,1,22.589694,88.372957,99
Dealer,0,0,3,BHK,1150.0069,1,1,19.014858,72.8662,250
Owner,0,0,2,BHK,1100,1,1,26.955346,75.734793,27.5
Dealer,1,1,2,BHK,906.2661833,0,0,24.69028,78.41889,70
Owner,0,0,3,BHK,1454.333915,1,1,10.77,76.38,50
Owner,0,0,3,BHK,1591.994542,1,1,28.506454,77.409568,70
Dealer,0,1,2,BHK,573.8769151,1,1,28.406388,77.342588,22.1
Dealer,0,1,3,BHK,1038.883942,1,1,19.12,72.91,280
Owner,0,0,3,BHK,1538.141758,1,1,13.11389,77.59833,74
Owner,0,0,2,BHK,5000,1,1,26.850391,75.814198,85
Dealer,0,0,3,BHK,1602.084012,1,1,28.368269,77.37273,49.2
Owner,0,0,2,BHK,1200,1,1,16.51667,80.61667,45
Owner,0,0,2,BHK,760.07094,1,1,15.86667,74.5,60
Owner,1,0,2,BHK,739.8273736,0,1,23.25,77.41667,30
Owner,0,0,2,BHK,1260.02291,1,1,13.0915,74.7844,33
Owner,0,0,2,BHK,1100.151745,1,1,21.093676,79.111965,29
Dealer,0,1,3,BHK,2293.077091,1,1,18.5438,73.9438,210
Dealer,0,0,2,BHK,1146.480331,1,1,19.216097,72.821721,88.6
Dealer,0,1,4,BHK,2224.059764,1,1,19.1615,72.8731,780
Dealer,0,0,2,BHK,759.8784195,1,1,22.452032,88.298947,30
Owner,0,0,4,BHK,2260.251857,1,1,12.9506,77.5952,140
Dealer,0,0,3,BHK,767.0182167,1,1,20.742166,80.104602,240
Owner,0,0,4,BHK,2500,1,1,28.66667,77.41667,160
Dealer,1,1,4,BHK,2286.236854,0,1,21,77,100
Owner,0,1,2,BHK,1150.086256,1,1,28.577673,77.389781,60
Dealer,0,1,2,BHK,1004.932182,1,1,18.966114,73.148278,81.5
Owner,0,0,2,BHK,800,1,1,22.56972,88.36972,34
Dealer,1,0,3,BHK,993.75,0,1,26.706157,88.439748,31.8
Dealer,0,0,2,BHK,1298.139334,1,1,23.169982,77.477889,30
Dealer,0,1,2,BHK,996.797438,1,1,26.900926,75.775927,24.9
Owner,0,0,2,BHK,985.0194952,1,1,12.98556,77.66389,48
Dealer,0,0,3,BHK,1118.75,1,1,12.91716,80.19287,53.7
Dealer,0,1,2,BHK,889.8305085,1,1,28.506454,77.409568,42
Owner,0,0,3,BHK,2738.22563,1,1,12.863421,77.652405,150
Dealer,1,1,4,BHK,1725.490196,0,0,19.049513,72.919204,440
Dealer,1,1,3,BHK,2488.004265,0,1,30.654128,76.732427,140
Dealer,0,0,3,BHK,1200.082764,1,1,23.207157,88.404471,58
Dealer,0,0,2,BHK,1584.283904,1,1,26.459137,79.506922,100
Owner,0,0,2,BHK,900,1,1,23.2257,72.51679,18
Dealer,0,1,2,BHK,1193.440032,1,1,18.441256,74.647361,60.4
Owner,0,0,2,BHK,1487.357462,1,1,26.8626,75.7633,30
Owner,1,1,2,BHK,989.9029895,0,1,28.5035,77.426447,50
Dealer,0,0,2,BHK,1155.020213,1,1,19.147866,72.932609,140
Owner,0,0,2,BHK,949.893137,1,1,11.93,79.83,80
Owner,0,0,2,BHK,875,1,1,28.560719,77.386208,49
Dealer,0,0,2,BHK,853.3611982,1,1,12.96991,77.59796,24.5
Owner,0,0,1,BHK,483.0917874,1,1,18.4543,73.1147,18
Dealer,0,0,2,BHK,800,1,1,19.18,72.96333,95
Owner,0,0,2,BHK,802.0415603,1,1,28.66667,77.41667,22
Dealer,0,1,2,BHK,610.0660905,1,1,13.069866,80.198423,48
Owner,0,0,3,BHK,1680.107527,1,1,28.861993,78.756315,75
Owner,0,0,2,BHK,1150.136038,1,1,19.980678,79.297436,93
Owner,0,0,3,BHK,1550.114497,1,1,28.576117,77.382136,88
Owner,0,0,5,BHK,1699.834163,1,1,28.6711,77.3683,82
Owner,1,0,3,BHK,1600.170685,0,1,9.952439,76.3632965,75
Owner,0,0,1,BHK,600.0566091,1,1,18.75,73.08,21.2
Dealer,0,1,2,BHK,1429.200617,1,1,30.661104,76.746082,64.9
Owner,0,0,2,BHK,1115.137998,1,1,13.008071,77.651295,80
Dealer,0,0,4,BHK,2750.929368,1,1,27.216013,77.950834,74
Owner,0,0,3,BHK,1811.196487,1,1,23.35556,85.33472,99
Owner,0,0,2,BHK,1045.036079,1,1,22.43917,88.39583,42
Dealer,0,0,3,BHK,3433.996566,1,1,28.403138,77.070052,340
Owner,0,0,3,BHK,1298.219585,1,1,12.840956,77.659441,70
Owner,1,1,2,BHK,1109.165207,0,1,13.278237,74.747328,38
Dealer,1,1,4,BHK,1304.034182,0,0,18.96,72.82,470
Dealer,0,1,2,BHK,1041.195111,1,1,28.59632,77.38143,46
Dealer,0,0,3,BHK,2135.748916,1,1,28.394375,77.357227,83.7
Owner,0,1,3,BHK,1850.180505,1,1,28.579004,77.431173,82
Dealer,0,0,3,BHK,1665.080875,1,1,23.166495,72.63429,70
Owner,0,1,2,BHK,398.2621289,1,1,26.707154,80.982346,11
Owner,0,0,2,BHK,1005.025126,1,1,12.80009,77.71182,48
Dealer,0,1,4,BHK,4900.959771,1,1,18.5438,73.9438,240
Dealer,0,1,2,BHK,1294.016156,1,1,19.128324,72.825408,330
Dealer,0,1,3,BHK,1536.806516,1,1,28.6423,77.3445,100
Owner,0,0,2,BHK,1123.188406,1,1,12.9816,77.6729,62
Dealer,0,0,2,BHK,800.1939864,1,1,26.955346,75.734793,16.5
Dealer,0,1,4,BHK,2655.807365,1,1,19.239813,72.962722,300
Dealer,0,0,3,BHK,1513.775356,1,1,12.905368,77.580403,100
Owner,0,0,3,BHK,1280,1,1,9.930471,76.271273,48
Owner,0,0,1,BHK,410.0678733,1,1,28.568846,77.324966,14.5
Dealer,0,0,4,BHK,3429.355281,1,1,22.312063,72.674296,100
Dealer,0,0,2,BHK,890.0451869,1,1,28.582887,77.339935,65
Owner,0,0,2,BHK,977.7082519,1,1,22.1764,75.8193,25
Dealer,0,0,2,BHK,1099.855282,1,1,12.977126,77.577724,38
Owner,1,0,2,BHK,1050.241272,0,1,26.29564,73.03943,37
Dealer,0,1,3,BHK,1400.241838,1,1,26.900926,75.775927,57.9
Dealer,0,0,3,BHK,1740.139211,1,1,19.048979,73.078232,180
Dealer,0,1,2,BHK,1149.131767,1,1,24.69028,78.41889,180
Dealer,0,0,2,BHK,650.1950585,1,1,11.026678,76.903583,20
Owner,0,0,2,BHK,1355.01355,1,1,26.878068,75.779856,85
Dealer,0,0,3,BHK,1800.072003,1,1,12.96991,77.59796,150
Dealer,0,1,2,BHK,907.6305221,1,1,21.56128,74.21238,33.9
Dealer,0,0,3,BHK,1636.296021,1,1,13.141581,77.749756,88
Owner,0,0,2,BHK,900.2520706,1,1,22.261354,73.215533,25
Owner,0,0,2,BHK,1318.044023,1,1,12.905538,77.694263,100
Dealer,0,1,3,BHK,1949.586451,1,1,30.684523,76.691728,99
Dealer,0,0,3,BHK,1643.36522,1,1,9.930471,76.271273,67
Dealer,0,0,3,BHK,1233.045623,1,1,18.96,72.82,210
Dealer,0,0,1,BHK,655.0802139,1,1,18.964489,73.019574,49
Owner,0,0,2,BHK,1180.173092,1,1,12.96991,77.59796,75
Owner,0,0,3,BHK,1200.087279,1,1,28.6711,77.3683,55
Dealer,0,0,4,BHK,6974.645114,1,1,22.53028,88.33417,1700
Owner,1,1,4,BHK,2700.075602,0,1,28.535689,77.359671,250
Owner,0,0,2,BHK,850.0991782,1,1,26.928785,75.828002,30
Dealer,1,1,4,BHK,2636.296531,0,1,12.8855,77.5638,250
Owner,0,0,2,BHK,900.0163639,1,1,12.928575,77.585721,55
Dealer,1,0,4,BHK,2472.952087,0,1,18.475864,73.890009,160
Dealer,0,0,2,BHK,904.0656205,1,1,20.098413,79.10786,50.7
Dealer,1,1,1,BHK,265.0033933,0,1,19.1145,72.8712,82
Dealer,1,1,3,BHK,1570.306924,0,1,26.16667,75.78333,110
Dealer,0,0,2,BHK,955.4140127,1,1,19.255098,72.9815265,150
Dealer,0,0,2,BHK,1000,1,1,28.593566,77.362752,60
Dealer,0,0,4,BHK,2494.747899,1,1,12.995285,77.766797,95
Owner,0,0,2,BHK,1150.130348,1,1,13.1101,80.2095,75
Dealer,0,0,2,BHK,1210.136674,1,1,19.0168,73.09646,85
Dealer,0,0,2,BHK,1365.001365,1,1,19.126499,72.99956,200
Dealer,1,1,2,BHK,499.6366279,0,0,19.255098,72.9815265,110
Dealer,0,0,2,BHK,1050.144395,1,1,22.271214,73.188827,40
Owner,0,0,1,BHK,476.0204689,1,1,13.020957,80.152774,40
Dealer,0,0,2,BHK,985.452839,1,1,28.538774,77.366515,21
Dealer,0,0,2,BHK,1045.296167,1,1,28.368269,77.37273,24
Dealer,1,1,2,BHK,1301.89498,0,1,12.86,77.786,90
Owner,0,0,2,BHK,2000,1,1,28.2102,76.8606,38
Dealer,1,1,4,BHK,4465.709729,0,1,28.526624,77.376718,280
Dealer,0,0,2,BHK,1192,1,1,20.286571,85.810906,59.6
Dealer,1,0,3,BHK,1846.153846,0,0,22.5922,88.484911,120
Dealer,1,0,1,BHK,448.5310608,0,1,19.221571,73.042474,120
Owner,0,0,2,BHK,750.0604887,1,1,28.66667,77.41667,31
Dealer,0,0,2,BHK,1060.070671,1,1,19.040066,73.115347,72
Dealer,0,1,3,BHK,1415.09434,1,1,12.8458,77.6727,79.5
Dealer,0,0,2,BHK,1160.062565,1,1,18.96,72.82,89
Dealer,0,0,3,BHK,1690.024732,1,1,19.1615,72.8731,410
Owner,1,0,3,BHK,1672.762741,0,1,28.495803,77.426848,68.6
Owner,0,0,2,BHK,1315.265046,1,1,20.606469,72.913465,33
Dealer,0,0,1,BHK,650.026001,1,1,19.245347,73.124577,50
Owner,0,0,1,BHK,540.1755571,1,1,19.585537,72.836868,16
Dealer,0,0,3,BHK,1830.065359,1,1,20.098413,79.10786,98
Dealer,0,0,3,BHK,1575.157516,1,1,28.66667,77.41667,70
Dealer,0,0,3,BHK,1530,1,1,12.904179,77.665897,76.5
Owner,0,0,2,BHK,619.6377502,1,1,12.758604,77.700377,26
Owner,0,0,4,BHK,2200,1,1,21.17,72.83,110
Dealer,0,0,3,BHK,1757.188498,1,1,40.67197199,-86.15292909,77
Dealer,0,1,2,BHK,1087.885617,1,1,19.239813,72.962722,140
Owner,0,0,2,BHK,1199.862873,1,1,12.880993,77.557654,70
Owner,0,0,2,BHK,1265.035255,1,1,13.033421,77.603954,61
Dealer,0,0,2,BHK,676.0453302,1,1,22.301625,88.242147,17.3
Owner,0,0,2,BHK,800,1,1,28.678014,77.38296,42
Owner,0,0,2,BHK,750.0750075,1,1,22.486821,88.233267,25
Dealer,0,1,2,BHK,1500,1,0,13.086769,80.191135,150
Dealer,0,0,3,BHK,1814.285714,1,1,20.257483,85.780142,88.9
Dealer,0,1,3,BHK,1195.652174,1,1,24.69028,78.41889,110
Dealer,0,0,3,BHK,1395.032324,1,1,26.900926,75.775927,41
Owner,0,0,2,BHK,850.1594049,1,1,19.696531,72.767746,24
Dealer,0,0,2,BHK,909.4339623,1,1,12.957707,80.183671,48.2
Owner,1,0,2,BHK,910.0937672,0,1,25.248438,83.014116,33
Dealer,0,0,3,BHK,1850.070303,1,1,12.96991,77.59796,250
Dealer,0,1,3,BHK,2069.857697,1,1,28.546788,77.378494,160
Dealer,0,1,2,BHK,820.0082001,1,1,19.18,72.96333,140
Dealer,0,0,2,BHK,1241.80752,1,1,23.182972,72.611485,36
Dealer,0,1,3,BHK,1014.120668,1,0,18.5438,73.9438,79
Dealer,0,0,4,BHK,2302.158273,1,1,30.697795,76.714722,160
Dealer,0,0,2,BHK,900.0782677,1,1,24.69028,78.41889,69
Builder,1,0,2,BHK,898.5074627,0,0,26.154874,91.670312,30.1
Dealer,0,0,3,BHK,2235.294118,1,1,26.91667,75.86667,190
Dealer,0,0,3,BHK,1350,1,1,28.5679,77.3679,81
Dealer,0,1,2,BHK,1100.110011,1,1,18.485487,73.803773,70
Dealer,0,1,1,BHK,612.1199755,1,1,12.8356,80.1682,30
Owner,0,0,2,BHK,1100.352113,1,1,20.892133,77.741664,25
Dealer,0,1,5,BHK,5194.805195,1,1,28.522931,77.357078,400
Dealer,0,0,3,BHK,1475.256769,1,1,28.506454,77.409568,79
Dealer,0,1,4,BHK,2780.191138,1,1,28.558047,77.392752,160
Builder,1,0,1,BHK,300.0260892,0,0,24.69028,78.41889,11.5
Owner,0,0,2,BHK,1000,1,1,17.7,83.25,50
Dealer,0,0,2,BHK,1532.720245,1,1,19.1615,72.8731,230
Dealer,1,1,2,BHK,995.8314034,0,0,22.311323,73.121275,21.5
Dealer,0,0,3,BHK,1646.706587,1,0,28.406794,76.936447,110
Dealer,0,0,4,BHK,2350.965575,1,1,30.664299,76.817624,56
Owner,0,0,3,BHK,534.061239,1,1,28.34532,77.299035,45
Dealer,1,1,2,BHK,1100,0,1,19.218498,72.992114,110
Dealer,0,0,3,BHK,1968.888889,1,1,26.16667,91.76667,88.6
Dealer,0,1,3,BHK,2196.354052,1,1,28.536585,77.383669,100
Dealer,0,1,4,BHK,2400,1,1,22.281215,70.789479,300
Dealer,0,0,2,BHK,1650.252861,1,1,18.49667,73.94167,62
Dealer,1,1,2,BHK,632.0572845,0,0,19.402549,72.854418,45.9
Owner,0,0,2,BHK,1034.965035,1,1,26.882832,81.033767,37
Dealer,0,0,2,BHK,965.0439631,1,1,18.96,72.82,90
Builder,1,1,2,BHK,600.5495224,0,0,24.69028,78.41889,45.9
Dealer,0,0,2,BHK,984.8484848,1,1,19.255098,72.9815265,130
Dealer,0,0,3,BHK,1700.060716,1,1,19.05871,72.89969,420
Dealer,0,1,1,BHK,546.0145604,1,0,19.18,72.96333,58.5
Dealer,0,0,2,BHK,1195.499297,1,1,22.55,72.9,17
Dealer,1,1,3,BHK,1677.468547,0,1,18.914541,72.818211,220
Dealer,0,1,3,BHK,1699.716714,1,1,28.629811,77.434197,48
Dealer,0,0,2,BHK,1075.027996,1,1,28.602325,77.401994,48
Dealer,1,1,1,BHK,485.790072,0,0,19.222101,72.988231,64.1
Owner,0,0,2,BHK,929.8998569,1,1,12.919423,77.522774,52
Dealer,0,0,3,BHK,1438.021283,1,1,19.124896,72.893503,600
Dealer,0,0,5,BHK,5299.954894,1,1,12.91668,77.59196,470
Dealer,0,1,2,BHK,1020.181859,1,1,13.055985,77.622157,46
Owner,0,0,2,BHK,1070.135002,1,1,28.6423,77.3445,65
Owner,0,0,2,BHK,2400.384061,1,1,13.603543,79.460402,50
Owner,0,0,3,BHK,1767.388826,1,1,17.546483,78.480303,77.5
Builder,1,1,1,BHK,524,0,0,18.6182,73.7447,26.2
Dealer,1,1,2,BHK,923.7875289,0,1,28.359199,76.836683,120
Dealer,0,0,3,BHK,1657.275439,1,1,12.9223,77.5532,100
Dealer,0,0,2,BHK,680,1,1,19.1759,72.9522,170
Owner,0,0,2,BHK,1100.478469,1,1,22.3301,73.1611,23
Dealer,0,1,3,BHK,1701.694915,1,0,21.152442,81.090184,50.2
Owner,0,0,1,BHK,451.0309278,1,1,28.689982,77.339807,14
Dealer,0,0,3,BHK,2727.856226,1,1,22.54111,88.33778,85
Owner,0,0,2,BHK,1000,1,1,18.11667,83.41667,30
Dealer,0,0,3,BHK,1790.18976,1,1,28.388225,76.946376,100
Owner,0,0,2,BHK,1100.352113,1,1,22.598675,88.438512,25
Dealer,0,1,2,BHK,1232.162459,1,1,28.381971,77.347688,44.9
Dealer,0,0,1,BHK,497.988891,1,1,26.13722,91.62778,26
Owner,0,0,3,BHK,1726.017442,1,1,12.995285,77.766797,95
Dealer,1,1,3,BHK,1320.052802,0,1,18.5438,73.9438,110
Owner,0,0,2,BHK,990.0990099,1,1,21.250076,81.660749,25
Dealer,0,0,1,BHK,675.0441375,1,1,24.69028,78.41889,65
Owner,0,0,2,BHK,674.0361283,1,1,10.5339,76.2085,25
Dealer,0,0,1,BHK,775.1114886,1,1,28.543278,77.358896,36.5
Dealer,0,0,2,BHK,718.1042049,1,1,19.12,72.91,180
Dealer,1,1,4,BHK,3200,0,1,28.429614,77.481711,180
Owner,0,1,2,BHK,945.1795841,1,1,24.586021,80.787404,30
Dealer,0,1,2,BHK,1089.028042,1,1,20.07911,73.911636,160
Dealer,0,1,2,BHK,942.1518749,1,1,12.96991,77.59796,50
Dealer,0,0,2,BHK,1370,1,1,19.980678,79.297436,82.2
Owner,0,0,2,BHK,1265.111049,1,1,9.90708,78.102316,90
Dealer,0,0,3,BHK,1394.31121,1,1,24.69028,78.41889,100
Dealer,1,0,2,BHK,800,0,1,12.80009,77.71182,27
Dealer,1,1,3,BHK,1505.144771,0,1,30.662283,76.822397,62.9
Owner,0,0,3,BHK,1067.270375,1,1,25.232239,71.392013,33
Owner,0,0,3,BHK,1400.059577,1,1,12.913771,77.768321,94
Dealer,0,0,1,BHK,728.9473684,1,1,26.807408,75.838659,27.7
Dealer,0,1,3,BHK,1293.103448,1,0,26.900926,75.775927,37.5
Builder,1,1,3,BHK,106469.0027,0,0,24.69028,78.41889,9480
Dealer,0,0,3,BHK,2939.624633,1,1,28.403138,77.070052,390
Dealer,0,1,2,BHK,1431.068385,1,1,30.661104,76.746082,65.5
Owner,0,0,3,BHK,1350.063532,1,1,12.96991,77.59796,85
Owner,0,0,1,BHK,750.1630789,1,1,21.189685,72.841062,23
Dealer,0,1,3,BHK,1170.074459,1,1,24.69028,78.41889,99
Owner,0,0,2,BHK,1121.076233,1,1,24.69028,78.41889,45
Dealer,0,0,4,BHK,1904.761905,1,1,30.714837,76.751896,100
Dealer,0,0,4,BHK,7054.132802,1,1,28.388225,76.946376,460
Dealer,0,0,2,BHK,950.0285009,1,1,19.1758,72.8643,150
Owner,0,0,2,BHK,969.9321048,1,1,12.852041,77.616315,40
Dealer,0,0,1,BHK,636.0078278,1,1,19.038205,73.06612,52
Dealer,0,0,4,BHK,4578.507945,1,1,12.929162,77.629041,340
Owner,0,0,1,BHK,700.0259269,1,1,18.5823,73.983,27
Dealer,0,0,3,BHK,1859.637775,1,1,19.218498,72.992114,230
Owner,0,0,3,BHK,1700.186606,1,1,31.097061,77.154897,82
Dealer,0,0,3,BHK,1847.187238,1,0,28.397468,76.945489,110
Dealer,0,1,1,BHK,509.5541401,1,0,18.966114,73.148278,40
Dealer,0,0,3,BHK,1427.424391,1,1,22.56972,88.36972,160
Owner,0,0,2,BHK,715.0518413,1,1,26.532207,75.520538,20
Owner,0,0,3,BHK,1393.214227,1,1,19.062322,72.880754,85
Owner,0,0,2,BHK,900.3215434,1,1,30.768683,76.650876,22.4
Dealer,0,0,2,BHK,1000,1,1,19.18,72.96333,120
Owner,0,0,2,BHK,800,1,1,26.209302,78.194369,35
Dealer,1,0,1,BHK,445.0304928,0,1,20.084522,72.900306,54
Owner,0,0,2,BHK,1125.175809,1,1,12.96991,77.59796,56
Dealer,0,0,2,BHK,1015.113918,1,1,19.283359,72.864964,90
Owner,0,1,2,BHK,1200.417537,1,1,23.185756,77.498465,23
Dealer,0,1,1,BHK,1060.147122,1,1,13.23,77.7,49
Owner,0,0,3,BHK,1654.846336,1,1,9.930471,76.271273,70
Dealer,0,0,3,BHK,1175.121811,1,1,22.54111,88.33778,41
Owner,0,0,1,BHK,412.0213282,1,1,20.379289,72.932048,8.5
Dealer,0,0,3,BHK,1877.435352,1,1,22.340396,73.19706,53
Dealer,1,0,2,BHK,1150.121065,0,1,50.817397,4.42145,38
Owner,0,0,2,BHK,910.0529101,1,1,22.281878,70.752639,43
Builder,1,1,2,BHK,1080,0,0,13.010349,77.712151,32.4
Dealer,0,1,3,BHK,1902.843071,1,1,12.96991,77.59796,170
Owner,0,0,1,BHK,850.4606662,1,1,22.1764,75.8193,12
Dealer,1,1,2,BHK,1051.223242,0,1,19.18,72.96333,110
Dealer,0,1,2,BHK,945.0617925,1,1,24.69028,78.41889,91
Owner,1,0,2,BHK,570.0958798,0,1,23.259859,77.427777,22
Dealer,0,0,2,BHK,1050.070432,1,1,19.049989,73.077321,82
Dealer,0,1,2,BHK,1785.060417,1,1,19.1145,72.8712,390
Owner,0,0,2,BHK,800,1,1,22.403867,88.470006,35
Owner,0,0,2,BHK,750.0551511,1,1,12.919987,77.489265,34
Dealer,0,0,2,BHK,1129.908619,1,1,28.409274,77.322293,91.5
Builder,1,1,4,BHK,2857.142857,0,0,22.1764,75.8193,120
Dealer,0,0,2,BHK,896.6801117,1,1,30.662283,76.822397,28.9
Owner,0,0,2,BHK,900.116144,1,1,16.198332,77.34239,31
Owner,0,0,3,BHK,1870.32419,1,1,28.874383,77.113251,75
Owner,0,0,2,BHK,1288.102262,1,1,13.0306,77.6485,78.6
Dealer,1,1,4,BHK,2461.538462,0,1,26.91868,75.750399,160
Dealer,0,0,2,BHK,1066.408143,1,1,22.288976,73.128222,22
Dealer,0,0,4,BHK,4299.996417,1,1,19.139348,72.820458,1200
Dealer,1,1,2,BHK,816.8491699,0,0,19.0167,72.8167,370
Dealer,0,0,2,BHK,1261.625556,1,1,28.874383,77.113251,31.2
Owner,0,0,2,BHK,1160.092807,1,1,13.0583,77.5732,45
Dealer,1,1,2,BHK,828.7063893,0,1,12.91668,77.59196,100
Owner,0,1,3,BHK,2015.021066,1,1,13.010349,77.712151,110
Dealer,0,0,3,BHK,2765.784114,1,1,26.928785,75.828002,67.9
Dealer,0,0,2,BHK,790.0334245,1,1,12.863492,77.74143,26
Builder,0,0,3,BHK,1358.024691,1,0,13.09,80.27,110
Owner,0,0,1,BHK,850.1594049,1,1,21.800275,72.604993,24
Dealer,0,0,2,BHK,1115.075825,1,1,18.973908,73.025106,100
Dealer,0,0,1,BHK,406.3088686,1,1,20.742166,80.104602,110
Dealer,0,0,2,BHK,1080.080235,1,1,22.519728,88.38573,70
Dealer,0,1,4,BHK,3621.234302,1,1,12.96991,77.59796,470
Dealer,1,1,6,BHK,10050.25126,0,1,28.548382,77.327819,1200
Dealer,0,0,3,BHK,1150.0069,1,1,19.05871,72.89969,250
Owner,0,1,3,BHK,2489.40678,1,1,12.980033,77.699328,94
Dealer,1,0,3,BHK,1894.179894,0,1,25.3945,81.8615,53.7
Dealer,0,0,4,BHK,4000,1,1,28.644695,77.338956,140
Dealer,0,1,2,BHK,1269.146608,1,1,22.727017,75.934041,40.6
Owner,0,1,4,BHK,3458.366587,1,1,28.560719,77.386208,260
Builder,0,1,2,BHK,835.2668213,1,0,29.9055,75.2547,25.2
Owner,0,0,2,BHK,1185.146168,1,1,22.54111,88.33778,90
Dealer,0,0,3,BHK,1289.872756,1,1,13.23,77.7,74
Dealer,0,0,3,BHK,2100,1,1,11.931023,79.828222,210
Dealer,0,0,4,BHK,3167.898627,1,1,21.189685,72.841062,150
Owner,0,0,4,BHK,433333.3333,1,1,9.893479,76.408774,65
Builder,0,0,2,BHK,845.007783,1,1,12.9974,80.0966,38
Dealer,0,0,1,BHK,850,1,1,21,77,27.2
Dealer,1,1,2,BHK,923.0100988,0,1,24.69028,78.41889,85
Owner,0,0,3,BHK,1490.312966,1,1,16.531879,80.670951,60
Owner,0,0,3,BHK,1480.019734,1,1,26.222384,85.862108,60
Owner,0,0,3,BHK,1510.159253,1,1,12.8706,77.6279,110
Dealer,1,1,1,BHK,453.0166793,0,1,24.69028,78.41889,66
Dealer,0,0,2,BHK,999.6079969,1,0,22.12947,73.41756,25.5
Owner,0,0,2,BHK,1000,1,1,21.105779,79.078497,30
Owner,0,0,3,BHK,1350.135014,1,1,12.840956,77.659441,60
Dealer,0,0,3,BHK,1231.578947,1,1,12.88784,77.654131,46.8
Dealer,1,1,2,BHK,829.8850575,0,0,13.034709,80.105584,36.1
Dealer,0,0,2,BHK,1069.782752,1,1,28.629811,77.434197,32.5
Dealer,0,0,1,BHK,610.0273241,1,1,19.147866,72.932609,96
Dealer,0,0,4,BHK,2030.205496,1,1,30.698017,76.679016,82
Dealer,0,0,2,BHK,978.7377658,1,1,28.368269,77.37273,29
Dealer,1,1,3,BHK,1503.225806,0,1,26.91868,75.750399,46.6
Dealer,1,1,2,BHK,804.8649615,0,1,12.808137,77.58308,45
Owner,0,0,3,BHK,1400.051854,1,1,20.277511,85.810411,54
Dealer,0,1,2,BHK,1251.091068,1,1,21.235342,72.917751,43
Dealer,0,0,3,BHK,1850.424056,1,1,28.2102,76.8606,48
Owner,0,0,2,BHK,711.0877008,1,1,12.732961,77.707059,27
Owner,0,0,1,BHK,540.0540054,1,1,28.689982,77.339807,24
Dealer,0,0,2,BHK,748,1,1,22.617564,88.427982,18.7
Dealer,0,0,2,BHK,1166.039111,1,1,12.96991,77.59796,96
Dealer,0,0,2,BHK,943.057302,1,1,19.12,72.91,210
Dealer,0,0,3,BHK,1700.071582,1,1,22.221142,88.281267,190
Dealer,0,0,4,BHK,2175.202689,1,1,26.900926,75.775927,110
Owner,1,0,3,BHK,2181.818182,0,1,12.9259,77.6229,240
Owner,0,0,3,BHK,1700.071582,1,1,27.56667,80.68333,95
Owner,0,0,2,BHK,1080.246914,1,1,26.157856,91.827348,35
Owner,0,0,3,BHK,1276.127613,1,1,13.04034,77.591347,58
Dealer,0,1,3,BHK,2735.016019,1,1,12.96991,77.59796,350
Dealer,0,1,2,BHK,988.0395216,1,1,19.12,72.91,190
Dealer,0,0,3,BHK,935.0788138,1,1,22.5,88.35,35
Dealer,0,0,1,BHK,550.0207555,1,1,19.050992,73.017947,53
Dealer,1,1,2,BHK,1094.890511,0,1,30.684523,76.691728,51
Dealer,0,0,5,BHK,6397.725253,1,1,28.488415,77.285903,360
Dealer,0,1,2,BHK,1150.01465,1,1,27.16726,75.709505,78.5
Owner,0,0,2,BHK,936.1348034,1,1,10.999392,76.997254,45
Dealer,0,1,2,BHK,1150.030066,1,1,18.5993,73.7625,76.5
Dealer,1,1,4,BHK,3810.431055,0,1,13.04034,77.591347,320
Owner,1,0,2,BHK,1173.020528,0,1,10.036626,77.482482,84
Dealer,0,0,4,BHK,2541.699762,1,0,12.925027,80.235348,160
Dealer,0,0,2,BHK,950.1648245,1,1,28.535783,77.400502,49
Owner,0,0,2,BHK,1045.12276,1,1,12.985206,77.663799,63
Dealer,0,0,3,BHK,1969.667126,1,1,18.5853,73.7413,100
Dealer,0,0,2,BHK,930.0661778,1,1,20.042481,74.473635,52
Dealer,0,0,2,BHK,1071.080818,1,1,19.2167,73.0833,55
Dealer,1,1,3,BHK,1400.208986,0,1,30.651192,76.755011,67
Dealer,0,0,2,BHK,1176.470588,1,0,30.387136,75.865105,200
Dealer,0,0,4,BHK,1925.925926,1,1,30.692243,76.750614,130
Owner,0,0,2,BHK,1053.001053,1,1,23.19635,72.633149,30
Owner,0,0,2,BHK,1051.156272,1,1,12.96991,77.59796,45
Dealer,1,1,2,BHK,988.5365491,0,1,18.510418,73.781944,66.4
Dealer,0,0,2,BHK,1300.034211,1,1,11,76.96667,38
Dealer,1,1,2,BHK,850.0028333,0,1,24.69028,78.41889,150
Owner,0,0,2,BHK,948.6166008,1,1,28.66667,77.41667,31.2
Owner,0,0,3,BHK,1760.198799,1,1,9.930471,76.271273,85
Owner,0,0,2,BHK,850.1259446,1,1,28.21,76.87,27
Dealer,0,1,1,BHK,654.9646319,1,1,19.049989,73.077321,50
Dealer,0,0,2,BHK,1050.019091,1,1,19.256471,72.868815,110
Owner,0,0,3,BHK,1267.05653,1,1,31.325966,75.573641,65
Dealer,0,0,3,BHK,1150.086256,1,1,26.809242,75.741434,40
Dealer,1,1,3,BHK,844.8442017,0,1,28.406388,77.342588,26.3
Dealer,0,1,2,BHK,1075.268817,1,1,28.583704,77.360401,100
Dealer,0,0,2,BHK,1016.191315,1,1,19.05871,72.89969,150
Dealer,1,1,3,BHK,900.3760394,0,0,19.1615,72.8731,170
Dealer,0,1,3,BHK,2058.11138,1,1,28.546788,77.378494,170
Dealer,1,1,4,BHK,6000,0,1,28.548382,77.327819,750
Dealer,0,0,2,BHK,950.1187648,1,1,10.526103,76.19383,36
Owner,0,0,3,BHK,2015.983872,1,1,12.9847,77.5491,280
Owner,0,0,2,BHK,749.4004796,1,1,21.23994,72.85652,12.5
Dealer,0,1,4,BHK,3045.878546,1,1,28.47944,76.971432,160
Dealer,0,1,2,BHK,1303.707063,1,1,19.1145,72.8712,230
Dealer,0,1,2,BHK,936.0223873,1,1,24.69028,78.41889,97
Dealer,0,0,2,BHK,1100.375738,1,1,26.832353,75.841749,20.5
Dealer,0,0,2,BHK,704.0070843,1,1,13.04724,80.111421,31.8
Dealer,0,0,3,BHK,2000,1,1,9.935413,76.298608,130
Dealer,1,1,3,BHK,1678.657074,0,1,28.595305,77.347365,63
Dealer,0,1,1,BHK,411.1662322,1,0,18.966114,73.148278,48.9
Owner,0,1,2,BHK,950.0285009,1,1,28.576117,77.382136,50
Dealer,0,0,5,BHK,4787.552364,1,1,13.04034,77.591347,480
Owner,0,0,1,BHK,630.2521008,1,1,18.4,76.58333,13.5
Dealer,0,0,3,BHK,1823.154057,1,1,18.52361,73.84778,160
Owner,0,0,3,BHK,2250.692521,1,1,30.594843,76.84983,65
Owner,0,0,3,BHK,1399.941055,1,1,18.531343,73.877715,190
Owner,0,0,3,BHK,1635.055592,1,1,12.96991,77.59796,100
Dealer,0,1,3,BHK,1896.878772,1,1,28.362327,76.979049,110
Dealer,0,1,3,BHK,1600,1,1,19.147866,72.932609,250
Dealer,0,0,3,BHK,1447.054818,1,1,22.53028,88.33417,85
Owner,0,0,3,BHK,1640.112465,1,1,12.846186,77.693554,70
Dealer,1,1,2,BHK,1110.053917,0,1,24.69028,78.41889,70
Dealer,0,1,4,BHK,3333.333333,1,1,28.526624,77.376718,250
Dealer,0,1,3,BHK,2708.070049,1,1,12.8682,77.5321,300
Owner,0,1,1,BHK,410.0461302,1,1,26.781748,81.006714,16
Dealer,0,0,3,BHK,1512.401694,1,1,20.029201,73.787918,100
Dealer,0,0,2,BHK,912.0620202,1,1,19.216097,72.821721,120
Dealer,0,0,2,BHK,795.097423,1,1,21.19233,79.062102,25.3
Builder,1,1,1,BHK,443.5607219,0,0,18.440853,73.90536,29
Dealer,0,0,3,BHK,1350.121359,1,1,12.96991,77.59796,44.5
Dealer,0,0,4,BHK,4000,1,1,12.96991,77.59796,400
Dealer,0,0,3,BHK,4769.230769,1,1,21.174686,79.045846,310
Owner,0,0,3,BHK,1897.278651,1,1,12.96991,77.59796,99
Dealer,0,0,1,BHK,705.0092764,1,1,19.049989,73.077321,57
Dealer,1,1,3,BHK,1510.989011,0,1,12.86,77.786,110
Dealer,0,0,2,BHK,643.8113633,1,1,19.18,72.96333,120
Owner,1,0,2,BHK,1100.208147,0,1,20.100361,79.103607,37
Dealer,0,0,1,BHK,650.0691563,1,1,19.148338,72.995687,47
Dealer,1,1,1,BHK,502.6315789,0,0,12.9182,80.0824,19.1
Dealer,1,0,2,BHK,999.6895374,0,1,19.2167,73.0833,64.4
Dealer,1,1,1,BHK,628.9308176,0,0,13.11389,77.59833,37
Owner,0,0,3,BHK,1050.228311,1,1,23.507414,87.395907,23
Dealer,0,0,2,BHK,1225.186104,1,1,18.52361,73.84778,79
Dealer,0,0,3,BHK,1473.005999,1,1,22.54111,88.33778,66.3
Owner,0,0,2,BHK,1250,1,1,20.167837,72.77484,24
Owner,0,0,3,BHK,1614.797416,1,1,12.890308,74.833347,55
Owner,0,0,1,BHK,533.0243337,1,1,13.09,80.27,23
Dealer,0,0,4,BHK,2754.820937,1,1,22.529,88.368,470
Dealer,0,0,2,BHK,772.4137931,1,1,23.554673,87.274204,22.4
Owner,0,0,2,BHK,900.116144,1,1,21.15389,79.08306,31
Dealer,0,0,1,BHK,674.9662517,1,1,19.2836,72.8675,45
Dealer,0,0,3,BHK,1773.049645,1,1,28.9196,76.8972,120
Owner,0,0,3,BHK,1200,1,1,26.91667,75.86667,45
Dealer,0,1,3,BHK,2015.503876,1,1,26.781748,81.006714,78
Owner,0,0,2,BHK,1075.05864,1,1,28.577673,77.389781,55
Dealer,1,0,3,BHK,1190.322581,0,1,26.736714,88.447713,36.9
Dealer,0,0,3,BHK,1220.886551,1,1,22.403867,88.470006,65
Dealer,0,0,2,BHK,1199.944189,1,1,30.689021,76.860403,86
Dealer,0,0,3,BHK,1700.15456,1,1,28.582887,77.339935,110
Owner,0,0,2,BHK,875.1608752,1,1,17.68333,75.91667,34
Dealer,0,0,3,BHK,1518.151815,1,1,12.896796,77.5724,92
Dealer,0,0,1,BHK,739.9817851,1,1,18.558319,73.77588,65
Dealer,1,1,1,BHK,389.5585889,0,0,19.161955,72.839616,87.9
Owner,0,0,2,BHK,1350.154936,1,1,9.930471,76.271273,61
Dealer,1,1,3,BHK,1679.966401,0,1,28.429614,77.481711,120
Dealer,0,0,5,BHK,5873.586394,1,1,12.935541,77.680684,670
Dealer,0,1,2,BHK,1044.045677,1,1,19.1759,72.9522,160
Dealer,1,0,3,BHK,1350.024546,0,1,21.178534,79.646656,55
Dealer,0,0,3,BHK,1954.686806,1,1,28.9196,76.8972,88
Dealer,0,0,2,BHK,1500,1,1,22.328394,73.176639,48
Dealer,0,0,2,BHK,1192.307692,1,1,26.265915,73.004593,62
Owner,0,0,3,BHK,1000,1,1,23.280294,77.365731,40
Dealer,0,1,3,BHK,1556.247221,1,0,22.288976,73.128222,35
Dealer,1,1,2,BHK,514.9738552,0,0,24.69028,78.41889,130
Dealer,0,1,2,BHK,1072.194425,1,1,28.698133,77.335746,30
Dealer,0,1,3,BHK,1626.898048,1,1,24.69028,78.41889,180
Owner,0,0,2,BHK,700.1647446,1,1,21.163131,81.306849,17
Dealer,0,0,3,BHK,1336.184773,1,1,13.114624,80.188519,78.1
Owner,0,0,1,BHK,535.0028458,1,1,18.47954,73.875229,47
Dealer,0,1,2,BHK,882.0536017,1,1,19.256471,72.868815,78
Dealer,0,1,2,BHK,650.0397984,1,1,18.651598,73.735448,49
Dealer,1,1,3,BHK,1370.07874,0,1,12.86,77.786,87
Dealer,0,0,3,BHK,1930.235765,1,1,12.905368,77.580403,140
Dealer,1,0,2,BHK,730.8254481,0,0,19.05871,72.89969,190
Dealer,1,1,3,BHK,1000,0,1,19.218498,72.992114,94
Owner,0,0,2,BHK,650.0956023,1,1,18.439098,74.35197,17
Dealer,0,0,3,BHK,2258.512856,1,1,18.49667,73.94167,130
Dealer,0,0,3,BHK,2026.929202,1,1,28.41667,77.3,140
Dealer,1,0,1,BHK,414.7619048,0,1,24.6902,78.416,87.1
Owner,0,0,3,BHK,1495.35923,1,1,28.990399,77.059442,43.5
Dealer,0,0,2,BHK,800,1,1,26.9883,75.5846,13
Dealer,0,0,3,BHK,1821.125051,1,1,22.5922,88.484911,90
Dealer,0,0,2,BHK,940.8075265,1,1,28.574502,77.328608,120
Owner,0,0,2,BHK,1250,1,1,28.9196,76.8972,52
Owner,1,0,2,BHK,1209.816799,0,1,16.498436,80.653706,35
Dealer,0,0,1,BHK,550.017188,1,1,18.129209,76.758924,32
Dealer,0,0,2,BHK,1150,1,1,22.3,73.2,23
Dealer,0,0,2,BHK,1225.201072,1,1,12.9816,77.6729,45.7
Dealer,1,0,1,BHK,408.997955,0,1,18.96667,72.83333,70
Dealer,0,0,3,BHK,2685.861624,1,1,28.440728,77.114195,500
Dealer,1,1,1,BHK,498.8873735,0,1,24.69028,78.41889,69.5
Owner,0,0,1,BHK,666.0088801,1,1,21.142359,72.862596,13.5
Dealer,0,0,2,BHK,1110.045224,1,1,24.69028,78.41889,81
Owner,0,0,1,BHK,950.3239741,1,1,21.12904,72.858164,22
Owner,0,0,2,BHK,1349.325337,1,1,30.65,76.82,45
Dealer,1,1,2,BHK,530.2378905,0,0,18.6182,73.7447,55.5
Owner,0,0,2,BHK,1200.274348,1,1,21.1677,72.8382,35
Dealer,1,1,3,BHK,1599.680064,0,1,19.1759,72.9522,240
Dealer,0,0,2,BHK,1163.636364,1,1,22.803593,83.755013,160
Dealer,1,1,3,BHK,113785.558,0,0,15.384909,73.850001,7280
Dealer,0,0,3,BHK,2241.010492,1,1,22.535636,88.388412,220
Owner,0,1,2,BHK,942.0022165,1,1,12.96991,77.59796,51
Builder,1,1,1,BHK,301.9171163,0,0,19.076057,73.097319,26.3
Dealer,0,0,2,BHK,900.090009,1,1,28.9196,76.8972,40
Dealer,0,0,4,BHK,2674.956622,1,0,28.5574,77.159,92.5
Dealer,0,0,2,BHK,852.9776675,1,1,19.256471,72.868815,110
Dealer,0,0,3,BHK,2106.897316,1,1,28.9196,76.8972,190
Dealer,1,1,4,BHK,3495.947879,0,1,21.848391,73.100621,220
Dealer,0,0,2,BHK,1600.134748,1,1,12.96991,77.59796,95
Dealer,0,0,3,BHK,1326.963907,1,1,12.96991,77.59796,75
Dealer,0,1,3,BHK,1505.011565,1,1,12.86,77.786,97.6
Dealer,0,1,2,BHK,1296.111665,1,1,13.055985,77.622157,78
Dealer,0,0,4,BHK,3501.361641,1,1,28.440728,77.114195,630
Dealer,0,0,2,BHK,1400.147384,1,1,35,136,76
Dealer,0,0,1,BHK,661.9632436,1,1,19.126499,72.99956,76
Dealer,0,0,3,BHK,2070.0207,1,1,19.0705,72.8309,690
Owner,0,0,1,BHK,284.0012622,1,1,21.734206,70.456703,9
Dealer,0,0,2,BHK,1299.89295,1,1,18.52361,73.84778,85
Owner,0,1,3,BHK,1300.131062,1,1,28.579004,77.431173,49.6
Dealer,0,0,2,BHK,1165.13904,1,1,12.9958935,77.761394,75
Dealer,0,1,2,BHK,1135.241856,1,1,13.054202,77.674002,46
Dealer,0,0,3,BHK,1645.141451,1,1,22.7808,86.1522,53.5
Dealer,0,0,4,BHK,2141.46658,1,1,28.368269,77.37273,66
Dealer,1,1,3,BHK,1777.975331,0,0,28.510034,77.06508,160
Dealer,0,1,2,BHK,947.6389335,1,1,26.900926,75.775927,29.5
Owner,0,0,3,BHK,1100.196464,1,1,27.073397,75.594316,28
Dealer,0,0,2,BHK,1273.828413,1,1,16.700359,76.83521,570
Dealer,0,0,2,BHK,797.0849465,1,1,13.042089,80.124264,35
Owner,0,0,2,BHK,823.0452675,1,1,11.169483,76.616001,34
Owner,0,0,2,BHK,630.1502666,1,1,26.91667,75.86667,13
Owner,0,0,3,BHK,1300.284437,1,1,24.03687,85.3782,32
Dealer,0,0,3,BHK,1785.469029,1,1,28.385415,76.964613,130
Dealer,0,0,3,BHK,1995.609659,1,1,22.5922,88.484911,100
Dealer,0,0,4,BHK,3750.161645,1,1,12.953042,77.732643,290
Dealer,0,0,3,BHK,1724.137931,1,1,12.973237,77.646859,34
Dealer,0,0,3,BHK,1699.346405,1,1,22.312358,73.145436,26
Owner,0,0,2,BHK,1270.417423,1,1,26.906098,75.825254,35
Owner,0,1,1,BHK,675.0392465,1,1,25.415663,86.144871,43
Dealer,0,1,3,BHK,1625.282167,1,1,28.577673,77.389781,72
Owner,0,0,3,BHK,1655.878368,1,1,12.326657,76.637965,110
Owner,0,0,3,BHK,1650.252861,1,1,16.609758,80.617778,62
Dealer,0,0,1,BHK,650.1011268,1,1,24.6902,78.416,22.5
Owner,0,0,4,BHK,1750.051472,1,1,28.6221,77.3674,85
Owner,1,0,3,BHK,1400,0,1,17.80268,83.356136,51.8
Dealer,0,1,3,BHK,1877.410189,1,1,19.128324,72.825408,370
Dealer,0,1,2,BHK,1150.190114,1,1,28.5035,77.426447,48.4
Dealer,1,1,3,BHK,1767.352185,0,1,12.9255,77.6765,110
Dealer,0,1,2,BHK,800.1361934,1,1,28.406388,77.342588,23.5
Dealer,0,0,3,BHK,1250,1,1,22.403867,88.470006,45
Owner,0,0,1,BHK,609.0764331,1,1,23.399528,85.357421,15.3
Owner,0,0,2,BHK,2000,1,1,18.4543,73.1147,60
Dealer,0,0,3,BHK,1250,1,1,12.928575,77.585721,45
Dealer,0,0,2,BHK,954.7934528,1,1,26.8626,75.7633,24.5
Dealer,1,1,1,BHK,453.0011325,0,0,19.249861,72.963866,64
Dealer,0,0,2,BHK,550.0442,1,1,19.18,72.96333,56
Dealer,0,0,3,BHK,2051.158301,1,1,22.5922,88.484911,85
Dealer,0,1,3,BHK,2501.924557,1,1,28.47944,76.971432,130
Owner,0,0,2,BHK,1159.243441,1,1,20.26444,85.82806,38
Owner,0,0,2,BHK,940.2914904,1,1,12.756152,77.856172,20
Dealer,0,1,3,BHK,1750.087504,1,1,19.1758,72.8643,200
Dealer,0,0,3,BHK,1474.993653,1,1,22.760061,75.928572,58.1
Owner,0,0,2,BHK,800,1,1,28.6711,77.3683,25
Dealer,0,1,3,BHK,1678.947368,1,1,26.91868,75.750399,63.8
Dealer,1,1,4,BHK,2171.612103,0,1,19.0164,72.8294,1190
Dealer,0,0,1,BHK,675.024108,1,1,18.975268,73.109062,42
Dealer,0,0,2,BHK,1302.241066,1,1,21.17,72.83,43
Owner,0,0,2,BHK,1166.180758,1,1,13.0814,77.5566,60
Owner,0,0,2,BHK,549.7771174,1,1,22.29691,70.79836,18.5
Owner,0,0,3,BHK,1399.825022,1,1,21.2612,81.586072,48
Dealer,0,1,2,BHK,1176.683563,1,1,12.9847,77.5491,130
Dealer,0,0,3,BHK,1282.568807,1,1,35,136,69.9
Owner,0,0,3,BHK,1609.834626,1,1,21.15389,79.08306,110
Owner,0,0,1,BHK,675.1687922,1,1,20.36667,72.9,9
Dealer,1,1,3,BHK,1950.078003,0,1,19.139348,72.820458,350
Dealer,1,0,3,BHK,1650,0,1,18.092898,83.395794,52.8
Dealer,0,0,2,BHK,1223.380154,1,1,12.973237,77.646859,27
Dealer,0,1,2,BHK,1250,1,1,26.900926,75.775927,41
Dealer,1,0,3,BHK,1183.522902,0,1,22.7808,86.1522,38.5
Dealer,0,0,3,BHK,1960.01568,1,1,30.662283,76.822397,50
Owner,0,0,5,BHK,2700.096432,1,1,22.590732,76.635291,56
Dealer,0,0,2,BHK,980.3921569,1,1,20.230195,85.816005,23.5
Dealer,0,0,2,BHK,1195.652174,1,1,28.456809,77.099182,110
Owner,0,0,2,BHK,900.297619,1,1,22.216168,73.185498,24.2
Owner,0,0,3,BHK,1328.273245,1,1,21.17,72.83,42
Dealer,0,1,2,BHK,1125.112511,1,1,24.69028,78.41889,100
Dealer,0,0,2,BHK,830.2364197,1,1,19.014858,72.8662,210
Owner,0,0,2,BHK,1554.118018,1,1,11.060813,76.970641,98.5
Owner,0,0,1,BHK,449.7354497,1,1,18.25,76.5,10.2
Owner,0,0,3,BHK,1210.084034,1,1,22.571461,71.811594,36
Dealer,0,0,3,BHK,1800.288046,1,1,26.930121,75.790763,75
Dealer,1,0,2,BHK,958.9041096,0,1,19.1615,72.8731,140
Dealer,0,0,4,BHK,4800,1,1,19.0164,72.8294,4500
Dealer,0,0,2,BHK,1350.0135,1,1,18.540684,73.834647,150
Owner,0,0,2,BHK,949.9136442,1,1,15.355645,75.137959,22
Dealer,0,1,3,BHK,1040.041602,1,1,19.18,72.96333,180
Dealer,0,1,3,BHK,1449.781659,1,1,18.5853,73.7413,83
Dealer,1,1,2,BHK,1350.135014,0,1,28.522931,77.357078,60
Dealer,0,1,3,BHK,1579.809004,1,1,30.662283,76.822397,57.9
Dealer,0,0,3,BHK,1489.489489,1,1,28.2102,76.8606,24.8
Owner,0,0,2,BHK,750.0610799,1,1,22.54111,88.33778,30.7
Dealer,0,0,3,BHK,1419.656786,1,1,26.832353,75.841749,45.5
Dealer,0,0,4,BHK,4095.252541,1,1,12.9958935,77.761394,270
Owner,0,0,2,BHK,750,1,1,23.25,77.41667,18
Dealer,0,1,2,BHK,883.4442547,1,0,24.69028,78.41889,300
Dealer,1,1,2,BHK,910.8108108,0,1,19.085225,73.661835,33.7
Owner,0,0,4,BHK,2526.595745,1,1,28.579004,77.431173,95
Dealer,0,0,4,BHK,5000,1,1,18.5333,73.9,550
Dealer,0,0,3,BHK,1559.004948,1,1,19.095064,73.008003,230
Dealer,0,1,3,BHK,1553.139561,1,1,28.9196,76.8972,70
Dealer,1,1,2,BHK,1207.200847,0,1,18.510418,73.781944,68.4
Owner,0,0,3,BHK,1400,1,1,28.63676,77.36315,70
Dealer,0,0,3,BHK,1347.708895,1,1,22.54111,88.33778,100
Dealer,0,0,4,BHK,2728.264824,1,1,28.507037,76.970772,150
Dealer,0,0,4,BHK,2705.882353,1,1,26.473073,74.641793,230
Dealer,1,1,4,BHK,1429.272351,0,0,19.0167,72.8167,670
Dealer,1,1,1,BHK,716.0268129,0,1,19.1849,72.8347,94
Owner,0,0,3,BHK,1420.051122,1,1,26.91667,75.86667,50
Dealer,0,0,2,BHK,970.042796,1,1,28.5822,77.3293,68
Dealer,0,0,4,BHK,3899.835796,1,1,13.04034,77.591347,380
Owner,0,0,2,BHK,900.090009,1,1,29.676163,77.00806,30
Owner,0,0,2,BHK,1264.450867,1,1,28.874383,77.113251,35
Dealer,0,1,3,BHK,1850.124378,1,1,30.682453,76.75696,59.5
Dealer,0,0,2,BHK,1070.079731,1,1,12.976741,77.674509,51
Owner,0,0,2,BHK,840.1344215,1,1,22.54111,88.33778,35
Dealer,0,1,3,BHK,2280.068402,1,1,28.558047,77.392752,120
Dealer,0,1,3,BHK,1671.681712,1,1,28.9196,76.8972,100
Owner,0,0,6,BHK,3200.189641,1,1,12.833224,80.210726,270
Dealer,1,1,2,BHK,722.0216606,0,1,19.1145,72.8712,180
Dealer,1,0,2,BHK,1300.027858,0,1,18.52361,73.84778,140
Owner,1,1,2,BHK,1069.93737,0,1,30.65,76.82,41
Dealer,0,0,3,BHK,1773.144914,1,1,18.96,72.82,330
Dealer,1,1,1,BHK,617.9671647,0,0,12.840956,77.659441,33.5
Dealer,0,0,1,BHK,715.0153218,1,1,19.2836,72.8675,49
Owner,0,0,3,BHK,1352.169526,1,1,9.994,76.292,67
Owner,0,0,2,BHK,1199.637845,1,1,28.9196,76.8972,53
Dealer,0,0,2,BHK,1363.109049,1,1,12.274538,76.644605,47
Dealer,1,0,2,BHK,802.572041,0,1,22.648322,88.4431525,33.7
Owner,0,0,2,BHK,950.1187648,1,1,22.68333,88.36667,24
Dealer,0,1,2,BHK,1217.161984,1,1,12.9847,77.5491,120
Dealer,0,0,2,BHK,1050.052503,1,1,28.629811,77.434197,30
Dealer,1,0,2,BHK,1073.878628,0,1,25.444108,81.914212,40.7
Dealer,0,0,1,BHK,609.9916634,1,1,18.54138,73.21997,300
Owner,0,0,2,BHK,777.1073322,1,1,12.900422,80.159352,42.5
Owner,0,0,2,BHK,900.0692361,1,1,28.63676,77.36315,39
Owner,0,0,2,BHK,900.0473709,1,1,10.774534,79.836041,38
Dealer,0,0,2,BHK,1079.913607,1,1,30.768683,76.650876,20
Owner,0,0,3,BHK,1565.55773,1,1,22.741503,75.815098,40
Dealer,0,0,2,BHK,950.0777336,1,1,19.1983,72.8409,110
Dealer,0,0,3,BHK,1474.080747,1,1,19.027644,73.061159,180
Owner,0,0,2,BHK,1250,1,1,25.625831,85.100455,68
Dealer,0,0,2,BHK,987.2159091,1,1,28.553374,77.355611,27.8
Owner,0,0,3,BHK,963.2751355,1,1,22.089514,82.122996,32
Dealer,0,0,3,BHK,1350.135014,1,1,26.832353,75.841749,30
Owner,0,0,2,BHK,1085.169352,1,1,12.8891,77.5973,66
Dealer,0,0,2,BHK,1187.172371,1,1,22.5,88.35,77
Dealer,1,1,3,BHK,1800,0,1,19.1759,72.9522,270
Dealer,0,0,1,BHK,450,1,1,26.75,81,18
Dealer,0,0,3,BHK,1610.087294,1,1,13.11389,77.59833,83
Owner,0,0,3,BHK,1600,1,1,28.66667,77.41667,60
Dealer,0,0,2,BHK,875.8683177,1,1,22.5922,88.484911,58
Owner,0,0,3,BHK,1825.047199,1,1,20.604366,72.92754,58
Dealer,0,0,2,BHK,750.0340925,1,1,25.454822,78.596469,55
Dealer,0,0,2,BHK,1050.130672,1,1,13.09,80.27,44.2
Dealer,0,0,2,BHK,1276.190476,1,1,30.638175,76.829909,40.2
Owner,0,0,2,BHK,1050.098447,1,1,13.0318,77.6583,48
Dealer,1,1,2,BHK,800,0,1,18.52361,73.84778,44
Owner,0,0,1,BHK,677.2009029,1,1,21.232813,72.832454,21
Builder,0,0,3,BHK,134884.5664,1,0,19.908529,73.831516,7420
Dealer,0,1,1,BHK,453.0011325,1,1,24.69028,78.41889,68
Dealer,1,1,2,BHK,1118.864852,0,1,30.662283,76.822397,48.1
Dealer,1,1,3,BHK,1675.312786,0,1,30.662283,76.822397,54.9
Owner,0,0,2,BHK,989.927058,1,1,12.836144,80.232993,57
Dealer,0,0,4,BHK,3200,1,1,22.529,88.368,320
Dealer,1,1,2,BHK,932.9149351,0,1,19.218498,72.992114,110
Dealer,0,0,2,BHK,1151.271754,1,1,12.8706,77.6279,43
Dealer,0,1,2,BHK,1277.013752,1,1,28.506454,77.409568,65
Dealer,0,1,3,BHK,1609.340486,1,1,21.17,72.83,51
Owner,0,0,3,BHK,1305.142261,1,1,13.036269,77.556107,100
Dealer,0,0,5,BHK,4995.004995,1,1,18.49667,73.94167,600
Dealer,0,0,2,BHK,800,1,1,15.873765,78.582545,160
Dealer,0,0,2,BHK,1130.00932,1,1,24.69028,78.41889,97
Dealer,0,0,2,BHK,960.0529684,1,1,18.556218,73.811303,87
Dealer,0,1,3,BHK,1574.590606,1,1,12.9958935,77.761394,87.5
Dealer,1,1,2,BHK,917.1252293,0,1,18.6182,73.7447,55
Owner,0,0,2,BHK,780.3790412,1,1,22.3,73.2,14
Dealer,0,1,1,BHK,690.0212314,1,1,19.2836,72.8675,52
Builder,1,1,2,BHK,852.4137931,0,0,11.074387,77.01851,30.9
Dealer,0,1,2,BHK,816.1044614,1,1,21.272756,81.583954,22.5
Dealer,0,0,1,BHK,828.0621047,1,0,19.255098,72.9815265,72
Dealer,0,1,2,BHK,1236.009064,1,1,19.0713,72.883,180
Owner,0,0,2,BHK,1135.159679,1,1,18.5348,73.9306,75
Dealer,0,0,2,BHK,1050.030883,1,1,19.038205,73.06612,68
Dealer,0,0,3,BHK,1847.187238,1,1,28.397468,76.945489,110
Dealer,0,0,3,BHK,2182.684225,1,1,28.394375,77.357227,77.9
Dealer,0,0,3,BHK,1750.028226,1,1,18.518797,73.933947,310
Owner,0,0,3,BHK,800,1,1,25.455213,81.863608,60
Dealer,0,1,3,BHK,1529.79066,1,1,19.218498,72.992114,190
Dealer,0,1,3,BHK,1018.387553,1,1,19.18,72.96333,180
Dealer,1,0,1,BHK,428.0137341,0,1,12.91668,77.59196,91
Dealer,1,0,3,BHK,1287.5,0,1,22.35,88.44,41.2
Owner,0,0,2,BHK,950,1,1,28.698133,77.335746,38
Dealer,0,0,3,BHK,1492.537313,1,1,18.58584,73.471734,260
Owner,0,0,3,BHK,1482.030382,1,1,13.0318,77.6583,120
Dealer,0,1,3,BHK,1336.784323,1,1,19.05871,72.89969,470
Dealer,1,1,2,BHK,1152.308252,0,1,21.17,72.83,31.7
Dealer,0,1,3,BHK,745.4323995,1,1,28.450804,77.29956,30.6
Owner,0,0,2,BHK,760.5016922,1,1,22.54111,88.33778,38.2
Owner,0,1,3,BHK,1495.162709,1,1,28.5035,77.426447,85
Dealer,1,0,2,BHK,907.1117562,0,0,30.712867,76.648557,25
Owner,0,0,1,BHK,468.0851064,1,1,17.524875,73.520142,11
Owner,0,0,2,BHK,651.8904824,1,1,28.9927,77.6824,15
Dealer,1,0,2,BHK,630.0114548,0,1,22.67,88.35,22
Dealer,1,1,3,BHK,2150.304083,0,1,21.143354,72.770931,99
Dealer,1,1,2,BHK,626.2135922,0,0,13.055985,77.622157,64.5
Dealer,0,0,2,BHK,1017.293998,1,1,19.061701,73.080488,110
Owner,0,1,2,BHK,1224.177506,1,1,58.69175268,-117.0016994,32
Dealer,0,0,3,BHK,1214.329083,1,1,24.69028,78.41889,100
Owner,0,0,2,BHK,1250,1,1,12.9255,77.6765,60
Dealer,0,1,3,BHK,1974.103163,1,1,12.87004,77.673275,93
Owner,0,0,2,BHK,914.0767824,1,1,12.86,77.786,40
Dealer,1,1,3,BHK,979.7746518,0,0,19.222101,72.988231,140
Dealer,0,0,1,BHK,655.0218341,1,1,18.973908,73.025106,45
Dealer,0,1,3,BHK,2067.649242,1,1,19.05871,72.89969,390
Dealer,0,0,1,BHK,730.0204918,1,1,19.049989,73.077321,57
Builder,0,0,3,BHK,1225.114855,1,0,24.69028,78.41889,40
Owner,0,0,2,BHK,1000,1,1,29.741039,78.530138,25
Dealer,0,1,2,BHK,1329.787234,1,1,31.261414,75.589997,40
Dealer,0,0,3,BHK,1310.125398,1,1,22.54111,88.33778,70
Owner,0,0,2,BHK,1050.119332,1,1,26.91868,75.750399,44
Dealer,1,0,2,BHK,1099.00174,0,1,19.239813,72.962722,120
Dealer,0,0,2,BHK,741.1851904,1,1,19.05444,72.84056,420
Owner,0,0,3,BHK,1404.180629,1,1,12.852041,77.616315,88
Dealer,1,1,2,BHK,576.7012687,0,0,19.161955,72.839616,130
Owner,0,0,2,BHK,1267.197683,1,1,31.682414,74.90751,35
Dealer,0,1,1,BHK,576,1,1,19.249861,72.963866,72
Dealer,0,1,1,BHK,418.9066536,1,1,19.05871,72.89969,120
Dealer,0,0,4,BHK,2591.722686,1,1,18.556218,73.811303,320
Dealer,0,0,2,BHK,1129.908619,1,1,19.076466,72.999804,91.5
Owner,1,0,2,BHK,900.2770083,0,1,10.794455,79.151794,13
Dealer,0,1,2,BHK,1285.21997,1,1,28.9196,76.8972,52
Dealer,0,0,3,BHK,2356.432187,1,1,18.558319,73.77588,270
Dealer,0,0,3,BHK,1425.178147,1,1,13.035866,80.135164,60
Dealer,0,0,3,BHK,1705.708438,1,1,9.930471,76.271273,75
Dealer,0,0,3,BHK,906.6666667,1,1,19.18,72.96333,170
Dealer,0,1,2,BHK,1159.885796,1,1,12.96991,77.59796,65
Owner,0,1,2,BHK,1250,1,1,27.553339,78.673469,32
Owner,0,0,2,BHK,1080.139373,1,1,23.2257,72.51679,31
Dealer,0,0,2,BHK,926.0484191,1,1,18.749,74.3422,70
Dealer,0,0,2,BHK,1000,1,1,28.716907,77.124699,70
Dealer,0,0,2,BHK,1150.012778,1,1,28.38016,77.369936,45
Dealer,0,1,3,BHK,1263.823065,1,1,19.222101,72.988231,120
Dealer,0,1,2,BHK,1342.826244,1,1,28.542768,77.365736,74.5
Owner,0,1,3,BHK,1364.15853,1,1,12.863589,77.656426,95
Dealer,0,0,2,BHK,900.0090001,1,1,19.239813,72.962722,100
Owner,0,0,2,BHK,892.0606601,1,1,19.175341,72.942634,60
Dealer,0,0,1,BHK,593.8927627,1,1,24.69028,78.41889,24.7
Dealer,0,0,3,BHK,1181.553004,1,1,19.05871,72.89969,320
Dealer,0,1,2,BHK,1315.053162,1,1,30.662283,76.822397,47
Dealer,0,0,2,BHK,1071.080818,1,1,19.249861,72.963866,110
Dealer,0,0,2,BHK,905.0546448,1,1,20.098413,79.10786,53
Dealer,0,1,3,BHK,1485.009807,1,1,30.662283,76.822397,53
Owner,0,0,2,BHK,1388.888889,1,1,30.593562,76.417319,45
Dealer,0,0,2,BHK,1100.352113,1,1,22.12947,73.41756,25
Owner,0,0,3,BHK,1586.914063,1,1,19.894104,102.136839,65
Builder,1,0,2,BHK,1102.236422,0,0,10.52,76.21,48.3
Dealer,0,0,3,BHK,1880.141011,1,1,19.038205,73.06612,160
Dealer,1,1,3,BHK,1297.989031,0,1,19.4559,72.8114,63.9
Dealer,0,1,3,BHK,2046.38472,1,1,28.47944,76.971432,120
Dealer,0,1,3,BHK,1699.716714,1,1,31.09256,75.51919,72
Dealer,0,0,2,BHK,1250,1,1,19.019169,73.014086,140
Owner,0,0,3,BHK,981.3084112,1,1,22.835481,86.221099,21
Dealer,0,0,2,BHK,1095.290252,1,1,19.038205,73.06612,120
Dealer,0,0,2,BHK,1050.019091,1,1,19.256471,72.868815,110
Dealer,1,1,1,BHK,498.2964225,0,1,19.35269,72.864824,23.4
Owner,0,0,1,BHK,650.0956023,1,1,22.66667,75.75,17
Owner,0,0,1,BHK,645.9770115,1,1,12.96991,77.59796,28.1
Dealer,0,0,2,BHK,1060.114742,1,1,23.234655,72.651815,85
Dealer,0,1,2,BHK,1120.657452,1,1,24.69028,78.41889,120
Builder,1,1,3,BHK,1570.247934,0,0,22.312358,73.145436,38
Owner,0,0,3,BHK,1527.183873,1,1,12.879728,77.650297,100
Dealer,0,0,2,BHK,1045.10451,1,1,19.072166,72.986798,76
Dealer,0,0,3,BHK,2556.890821,1,1,28.378021,77.063066,200
Dealer,0,0,2,BHK,1365,1,1,26.930121,75.790763,81.9
Owner,0,0,1,BHK,553.0682117,1,1,18.48333,74.13333,21
Dealer,0,0,2,BHK,1273.12897,1,1,28.431862,77.351104,46.1
Owner,0,0,3,BHK,1536.09831,1,1,26.766594,80.949809,120
Dealer,0,0,2,BHK,659.0038314,1,1,18.205923,72.999182,86
Owner,0,1,2,BHK,1010.10101,1,1,28.560719,77.386208,48
Owner,0,0,1,BHK,610.0422337,1,1,18.52361,73.84778,26
Dealer,1,1,2,BHK,1084,0,1,24.6902,78.416,81.3
Owner,0,0,3,BHK,1525.010167,1,1,28.535783,77.400502,150
Dealer,0,1,2,BHK,1073.138517,1,1,21.56128,74.21238,65
Dealer,0,0,2,BHK,1032.204789,1,1,19.038205,73.06612,100
Dealer,1,1,2,BHK,731.7073171,0,0,22.056816,73.10999,21.9
Dealer,0,0,3,BHK,1840.168244,1,1,22.54111,88.33778,140
Owner,0,0,2,BHK,1274.078568,1,1,23.232556,77.429783,84
Dealer,0,1,3,BHK,2060.641743,1,1,12.9958935,77.761394,140
Dealer,1,0,2,BHK,790.3225806,0,1,26.724219,88.326357,24.5
Owner,0,0,3,BHK,1250,1,1,27.545136,76.650497,25
Dealer,0,1,1,BHK,606.0173963,1,1,31.292091,75.543763,170
Dealer,0,1,2,BHK,1180.080245,1,1,28.509982,77.05185,100
Dealer,0,0,2,BHK,1300.091771,1,1,24.69028,78.41889,85
Dealer,0,0,2,BHK,1150.306748,1,1,26.115994,91.78465,37.5
Dealer,0,0,3,BHK,1529.411765,1,1,19.049822,73.067595,130
Owner,0,0,2,BHK,1150.109062,1,1,28.6423,77.3445,58
Dealer,1,1,2,BHK,1267.719258,0,1,18.097689,74.735239,110
Dealer,0,0,3,BHK,1820.072803,1,1,18.558319,73.77588,140
Dealer,0,1,2,BHK,1100.110011,1,1,24.69028,78.41889,60
Dealer,0,0,2,BHK,1373.567412,1,1,19.014858,72.8662,320
Dealer,0,1,4,BHK,3539.823009,1,1,28.522931,77.357078,220
Owner,1,0,2,BHK,1250,0,1,17.47111,78.50944,60
Dealer,0,0,1,BHK,715.098326,1,1,18.452663,73.93104,44
Owner,0,0,2,BHK,1180.327869,1,1,21.244392,81.671075,36
Dealer,0,0,1,BHK,460.0141543,1,1,18.205923,72.999182,65
Owner,0,0,3,BHK,1750.448833,1,1,30.6665,76.8625,58.5
Owner,0,0,2,BHK,1250,1,1,16.535675,80.583436,45
Owner,0,0,1,BHK,454.5454545,1,1,9.91966,78.11939,14.7
Dealer,0,1,2,BHK,1156.25,1,1,30.662283,76.822397,37
Dealer,0,1,4,BHK,3017.170443,1,1,19.1759,72.9522,550
Owner,0,0,3,BHK,1275.148767,1,1,25.112376,75.856488,45
Dealer,0,0,2,BHK,789.4736842,1,1,12.91668,77.59196,150
Dealer,0,1,3,BHK,1464.128843,1,1,19.283359,72.864964,120
Dealer,0,0,1,BHK,744.7402718,1,1,19.05871,72.89969,160
Dealer,0,0,4,BHK,2197.260274,1,1,28.874383,77.113251,80.2
Dealer,0,0,2,BHK,1262.980634,1,1,19.221571,73.042474,180
Dealer,0,0,3,BHK,2500,1,1,28.568966,77.335388,150
Dealer,0,0,2,BHK,1096.057239,1,1,19.957301,73.839897,72
Owner,0,0,2,BHK,900.090009,1,1,28.9196,76.8972,40
Dealer,1,1,2,BHK,636.682243,0,1,25.427367,81.945121,21.8
Dealer,1,0,3,BHK,1750.164078,0,1,28.4729,77.0474,80
Owner,0,0,3,BHK,2840.909091,1,1,28.874383,77.113251,60
Owner,0,0,3,BHK,1078.705553,1,1,22.6581,88.3852,27
Owner,0,0,2,BHK,1199.563795,1,1,21.631476,72.980438,22
Owner,1,1,3,BHK,1575,0,1,30.662283,76.822397,69.3
Dealer,0,0,2,BHK,1020.049244,1,1,30.760351,76.7889,58
Dealer,0,0,3,BHK,1904.761905,1,1,26.894117,75.830052,100
Owner,0,0,3,BHK,1125.304136,1,1,28.66667,77.41667,37
Dealer,1,1,1,BHK,462.7862595,0,0,18.96667,72.83333,87.3
Dealer,0,0,3,BHK,1301.78421,1,1,19.035407,73.065449,170
Owner,0,0,2,BHK,1199.887069,1,1,12.928575,77.585721,85
Dealer,0,0,3,BHK,1606.217617,1,1,26.109987,91.748271,62
Dealer,0,0,1,BHK,556.0851605,1,1,24.69028,78.41889,35
Owner,0,1,3,BHK,1501.812532,1,1,18.475864,73.890009,87
Dealer,0,0,3,BHK,1073.913043,1,1,22.682359,88.355021,24.7
Owner,0,0,2,BHK,1290.322581,1,1,24.395822,78.989627,48
Dealer,0,1,3,BHK,1377.593361,1,1,30.662283,76.822397,49.8
Dealer,1,1,2,BHK,873.6608792,0,1,19.076057,73.097319,47.3
Dealer,0,1,2,BHK,473.8302934,1,1,28.394375,77.357227,23.9
Dealer,1,0,2,BHK,1265.130808,0,1,24.69028,78.41889,64.8
Owner,0,0,3,BHK,1431.560401,1,1,15.462648,73.804488,130
Dealer,0,1,3,BHK,1721.170396,1,1,28.602325,77.401994,130
Owner,0,0,1,BHK,658.0016247,1,1,22.24124,73.200301,16.2
Dealer,0,0,3,BHK,2155.94682,1,1,12.9958935,77.761394,180
Builder,1,1,1,BHK,457.612203,0,0,18.637802,73.745912,31.2
Owner,0,0,3,BHK,1406.110188,1,1,13.11389,77.59833,110
Dealer,0,0,3,BHK,1351.849576,1,1,18.484943,73.904242,110
Dealer,0,0,3,BHK,1330.555556,1,1,22.69995,88.390833,47.9
Owner,0,0,1,BHK,750.122971,1,1,20.75,73.68333,30.5
Owner,0,0,3,BHK,1215.066829,1,1,30.662283,76.822397,30
Dealer,0,1,2,BHK,870.385906,1,1,18.595456,73.946088,41.5
Dealer,1,1,3,BHK,1800.110436,0,1,30.662283,76.822397,65.2
Dealer,0,0,3,BHK,1380.195795,1,1,18.578765,73.890693,86
Owner,0,0,2,BHK,850.0772798,1,1,16.485583,80.662422,22
Owner,0,0,1,BHK,562.2913372,1,1,18.5823,73.983,32
Dealer,1,0,3,BHK,1420.185571,0,1,12.901969,74.835337,75
Dealer,0,0,3,BHK,1798.410707,1,1,30.664299,76.817624,43
Owner,0,0,2,BHK,890.0316456,1,1,12.984808,80.260671,90
Dealer,0,0,2,BHK,1199.982546,1,1,18.96,72.82,550
Dealer,0,0,3,BHK,1200.274348,1,1,12.863492,77.74143,35
Owner,0,0,4,BHK,1250,1,1,23.276856,77.394197,29
Owner,0,0,2,BHK,924.9471459,1,1,16.643818,74.171514,35
Owner,0,0,3,BHK,1000,1,1,26.898139,75.749677,38
Dealer,0,0,2,BHK,1263.94052,1,1,28.874383,77.113251,34
Dealer,1,1,2,BHK,1170.094839,0,1,18.966114,73.148278,95
Owner,0,0,1,BHK,650.0847937,1,1,30.872533,75.881216,11.5
Dealer,0,0,2,BHK,1160.092807,1,1,12.96991,77.59796,45
Owner,0,0,1,BHK,520.1560468,1,1,17.4569,78.5335,12
Dealer,0,0,2,BHK,1040.582726,1,1,18.96667,72.83333,220
Dealer,0,1,2,BHK,1320.233344,1,1,26.900926,75.775927,43
Owner,0,1,2,BHK,884.8080134,1,1,26.900926,75.775927,26.5
Dealer,0,0,2,BHK,1381.079215,1,1,19.048979,73.078232,140
Owner,0,0,3,BHK,1401.206101,1,1,12.9155,77.5584,79
Builder,1,1,1,BHK,609.6551724,0,0,11.074387,77.01851,22.1
Dealer,0,1,2,BHK,1075.032909,1,1,19.078847,73.107573,49
Owner,0,1,3,BHK,1680.244399,1,1,12.863589,77.656426,99
Dealer,0,0,3,BHK,970.3085581,1,1,19.2836,72.8675,100
Owner,0,0,3,BHK,1555.299539,1,1,26.724219,88.326357,67.5
Dealer,0,0,2,BHK,1129.943503,1,1,24.69028,78.41889,190
Dealer,0,0,2,BHK,860.0158772,1,1,19.1955,72.8728,130
Owner,1,0,2,BHK,2600.472813,0,1,17.342126,82.615288,99
Builder,1,0,2,BHK,830,0,0,13.04394,80.17251,66.4
Owner,0,0,2,BHK,1200.111638,1,1,9.9449,76.2534,43
Owner,0,0,2,BHK,953.1590414,1,1,13.1479,77.4179,35
Dealer,0,0,2,BHK,952.3809524,1,1,18.96667,72.83333,160
Owner,0,1,4,BHK,1944.742489,1,1,30.662283,76.822397,72.5
Dealer,0,0,3,BHK,1150,1,1,19.05871,72.89969,230
Owner,0,0,3,BHK,849.0165558,1,1,22.494831,88.370567,60
Dealer,0,1,3,BHK,1773.049645,1,1,12.86,77.786,110
Owner,0,0,2,BHK,1300.052002,1,1,26.886881,80.99442,75
Builder,1,1,3,BHK,1500,0,0,17.546483,78.480303,57
Owner,0,0,1,BHK,459.9725974,1,1,18.75,73.08,23.5
Owner,0,1,2,BHK,1218.701529,1,1,12.896796,77.5724,110
Dealer,0,1,1,BHK,567.2131148,1,1,19.6394,72.7256,17.3
Owner,0,0,1,BHK,513.3333333,1,1,18.347616,73.586463,15.4
Owner,0,0,1,BHK,550.0550055,1,1,16.687388,74.203423,25
Owner,0,1,3,BHK,1840.225157,1,1,28.507373,77.386719,85
Builder,0,1,3,BHK,1721.875,1,0,29.9055,75.2547,55.1
Dealer,1,1,2,BHK,772.0631904,0,1,18.96667,72.83333,130
Dealer,0,1,2,BHK,824.0317627,1,1,19.255098,72.9815265,110
Dealer,1,1,3,BHK,1388.235294,0,1,26.86056,80.91583,47.2
Dealer,0,0,2,BHK,1250,1,1,19.12775,72.827595,52
Dealer,0,0,3,BHK,1125.080593,1,1,30.74,76.65,34.9
Dealer,0,1,3,BHK,1804.966096,1,1,19.12,72.91,370
Owner,0,0,2,BHK,1050.052503,1,1,12.96991,77.59796,60
Dealer,0,1,3,BHK,845.5944529,1,0,18.966114,73.148278,100
Dealer,0,0,1,BHK,700,1,1,19.2836,72.8675,56
Owner,0,0,2,BHK,908.832718,1,1,9.978538,76.301221,32
Owner,1,1,3,BHK,1391.035549,0,1,26.832353,75.841749,45
Owner,0,0,2,BHK,972.2222222,1,1,23.126218,72.628827,28
Dealer,0,0,2,BHK,777.1428571,1,1,19.2361,72.8338,170
Dealer,0,1,2,BHK,1193.00106,1,1,18.47372,73.867323,90
Owner,0,0,2,BHK,990.0990099,1,1,12.80009,77.71182,35
Owner,1,0,1,BHK,397.6514545,0,1,22.750413,70.492714,14.9
Owner,1,1,2,BHK,899.8691099,0,1,12.896796,77.5724,55
Dealer,0,0,1,BHK,639.9317406,1,1,19.216097,72.821721,45
Dealer,0,0,1,BHK,680.9669731,1,1,19.213466,72.835096,100
Dealer,0,1,1,BHK,555.5555556,1,0,13.048973,80.248296,100
Dealer,1,1,2,BHK,1173.062998,0,1,12.9958935,77.761394,81
Dealer,0,0,2,BHK,1087.150241,1,1,22.648322,88.4431525,61
Owner,0,0,3,BHK,750.085237,1,1,23.258447,77.44113,22
Dealer,0,0,2,BHK,1000,1,1,18.488418,73.871152,85
Dealer,0,1,3,BHK,1593.272848,1,1,28.9196,76.8972,72
Owner,0,0,2,BHK,950.0542888,1,1,26.936483,75.839212,35
Dealer,0,1,2,BHK,951.1077158,1,1,28.44414,77.465898,24.9
Dealer,1,0,3,BHK,1500,0,1,18.5438,73.9438,75
Dealer,0,1,3,BHK,1885.197562,1,1,30.66486,76.706107,95.9
Dealer,0,0,2,BHK,1240.096452,1,1,30.662283,76.822397,36
Owner,1,1,3,BHK,1415.428167,0,1,19.32,84.78,40
Owner,0,0,2,BHK,1240.221332,1,1,20.75,78.61667,65
Dealer,0,1,2,BHK,812.9346942,1,1,24.69028,78.41889,90
Dealer,0,0,3,BHK,1647.898929,1,1,28.537227,77.370417,120
Dealer,0,1,2,BHK,1200.05275,1,1,19.2836,72.8675,91
Owner,0,0,3,BHK,1434.901878,1,1,13.0583,77.5732,68
Dealer,0,1,2,BHK,1215.168657,1,1,12.863386,74.869779,58
Owner,0,0,2,BHK,960.0180709,1,1,13.09,80.27,85
Owner,0,1,3,BHK,2295.492487,1,1,30.696627,76.693764,110
Owner,0,0,2,BHK,1000,1,1,17.638457,83.124941,19.5
Dealer,1,1,3,BHK,1764.446405,0,1,12.8855,77.5638,160
Owner,0,1,2,BHK,1242.043161,1,1,12.86,77.786,80
Owner,1,0,2,BHK,800,0,1,25.30694,83.00611,26
Owner,0,0,2,BHK,850.1594049,1,1,21.765,72.13694,24
Owner,0,0,1,BHK,450.0281268,1,1,28.432682,77.322604,24
Owner,0,1,1,BHK,678.119349,1,1,18.75,73.08,30
Dealer,0,0,3,BHK,1844.28929,1,1,12.96991,77.59796,140
Dealer,0,1,2,BHK,1015.123265,1,1,24.69028,78.41889,49
Owner,0,0,2,BHK,932.8358209,1,1,26.900926,75.775927,25
Owner,0,0,3,BHK,1654.575538,1,1,26.696758,90.513797,130
Dealer,1,1,1,BHK,470.388649,0,1,18.5823,73.983,30.5
Dealer,0,0,3,BHK,1910.04313,1,1,30.662283,76.822397,62
Owner,0,0,2,BHK,1179.673321,1,1,12.91,77.48,39
Dealer,0,1,2,BHK,1025.056948,1,1,21.56128,74.21238,54
Dealer,0,1,4,BHK,2200.220022,1,0,30.594843,76.84983,60
Owner,1,1,1,BHK,599.1611744,0,1,26.900926,75.775927,20
Dealer,0,0,2,BHK,1100.060277,1,1,19.30405,72.813559,73
Owner,1,1,2,BHK,1256.862179,0,1,13.055985,77.622157,87
Dealer,0,0,3,BHK,1355.199135,1,1,12.265026,76.62469,75.2
Owner,0,0,3,BHK,1033.295063,1,1,21.706242,73.017227,45
Dealer,0,1,2,BHK,1304.052997,1,1,19.1145,72.8712,250
Dealer,0,0,3,BHK,1400.124456,1,1,18.5956,73.7981,90
Dealer,0,0,2,BHK,800,1,1,19.049214,73.072916,81
Dealer,0,1,3,BHK,2169.854166,1,1,19.1615,72.8731,430
Dealer,0,0,1,BHK,569.1056911,1,1,9.967,76.2998,28
Dealer,0,0,1,BHK,620.0455223,1,1,19.216097,72.821721,79
Owner,0,0,2,BHK,730.1808067,1,1,22.759741,75.889532,21
Owner,0,1,2,BHK,1075.268817,1,1,16.494167,80.598886,34
Builder,0,0,2,BHK,1184.090909,1,0,11.026678,76.903583,52.1
Owner,0,0,2,BHK,1100,1,1,23.694909,86.939424,22
Dealer,0,0,3,BHK,1640.28777,1,1,28.66667,77.41667,57
Owner,0,0,2,BHK,715.0518413,1,1,26.88,75.8057,20
Owner,0,0,1,BHK,564.2633229,1,1,26.773189,75.61191,9
Owner,0,0,3,BHK,1500.375094,1,1,23.185756,77.498465,40
Owner,0,0,1,BHK,750.1875469,1,1,21.7,72.96667,20
Dealer,1,1,2,BHK,515.6445557,0,0,28.38016,77.369936,20.6
Dealer,0,0,2,BHK,1037.79296,1,1,28.59863,77.333939,120
Dealer,0,1,2,BHK,574.0393627,1,1,28.406388,77.342588,24.5
Builder,0,0,2,BHK,1179.813594,1,0,12.327102,76.586441,51.9
Dealer,1,1,3,BHK,83212.07712,0,0,18.627,73.7829,9150
Dealer,0,0,2,BHK,1147.028154,1,1,22.54111,88.33778,55
Dealer,0,1,3,BHK,1353.236607,1,1,28.5041,77.381557,48.5
Dealer,1,1,3,BHK,1688.235294,0,1,20.26444,85.82806,57.4
Owner,0,1,3,BHK,1900.538486,1,1,25.44862,78.56962,60
Dealer,1,1,4,BHK,3486.055777,0,1,30.654128,76.732427,140
Dealer,1,0,2,BHK,819.1747573,0,1,11,76.96667,27
Owner,0,0,1,BHK,600,1,1,15.62,73.767,33
Dealer,0,0,2,BHK,1199.878493,1,1,12.88784,77.654131,79
Dealer,0,1,2,BHK,1079.830312,1,1,28.560719,77.386208,56
Owner,1,1,3,BHK,1650.165017,0,1,28.579845,77.403693,70
Dealer,0,0,2,BHK,1150.054765,1,1,28.9196,76.8972,63
Dealer,0,0,2,BHK,1042.558737,1,1,19.124896,72.893503,280
Owner,0,0,4,BHK,2632.040709,1,1,13.0318,77.6583,150
Dealer,0,0,3,BHK,2040.370977,1,1,28.394375,77.357227,74.8
Owner,0,0,2,BHK,796.5686275,1,1,15.292135,73.9621265,26
Dealer,0,0,2,BHK,1080.050826,1,1,24.69028,78.41889,68
Owner,1,0,2,BHK,966.8508287,0,1,13.33222,74.74611,35
Builder,0,0,3,BHK,1600,1,0,16.47431,80.71281,62.4
Dealer,0,0,2,BHK,820.0168209,1,1,19.186352,73.046893,39
